{"errors":[],"warnings":[],"namedChunkGroups":{"app":{"chunks":[7,2],"assets":["webpack-runtime-0c7534b154301c9ef231.js","webpack-runtime-0c7534b154301c9ef231.js.map","app-fdedbba79e14290b74bc.js","app-fdedbba79e14290b74bc.js.map"],"children":{},"childAssets":{}},"component---node-modules-gatsby-plugin-offline-app-shell-js":{"chunks":[3],"assets":["component---node-modules-gatsby-plugin-offline-app-shell-js-5610241a36f1357ea367.js","component---node-modules-gatsby-plugin-offline-app-shell-js-5610241a36f1357ea367.js.map"],"children":{},"childAssets":{}},"component---src-pages-404-js":{"chunks":[0,1,4],"assets":["0-c79a060125d85904f325.js","0-c79a060125d85904f325.js.map","1.313656c7744a5158f815.css","1-5aa1809e50477b3ebf57.js","1-5aa1809e50477b3ebf57.js.map","component---src-pages-404-js-1d61cd0ac429b5b196a7.js","component---src-pages-404-js-1d61cd0ac429b5b196a7.js.map"],"children":{},"childAssets":{}},"component---src-pages-index-js":{"chunks":[0,1,5],"assets":["0-c79a060125d85904f325.js","0-c79a060125d85904f325.js.map","1.313656c7744a5158f815.css","1-5aa1809e50477b3ebf57.js","1-5aa1809e50477b3ebf57.js.map","component---src-pages-index-js-99fb2d644849205d1663.js","component---src-pages-index-js-99fb2d644849205d1663.js.map"],"children":{},"childAssets":{}},"component---src-pages-page-2-js":{"chunks":[0,1,6],"assets":["0-c79a060125d85904f325.js","0-c79a060125d85904f325.js.map","1.313656c7744a5158f815.css","1-5aa1809e50477b3ebf57.js","1-5aa1809e50477b3ebf57.js.map","component---src-pages-page-2-js-9387647b22d338001280.js","component---src-pages-page-2-js-9387647b22d338001280.js.map"],"children":{},"childAssets":{}}},"assetsByChunkName":{"app":["webpack-runtime-0c7534b154301c9ef231.js","app-fdedbba79e14290b74bc.js"],"component---node-modules-gatsby-plugin-offline-app-shell-js":["component---node-modules-gatsby-plugin-offline-app-shell-js-5610241a36f1357ea367.js"],"component---src-pages-404-js":["0-c79a060125d85904f325.js","1.313656c7744a5158f815.css","1-5aa1809e50477b3ebf57.js","component---src-pages-404-js-1d61cd0ac429b5b196a7.js"],"component---src-pages-index-js":["0-c79a060125d85904f325.js","1.313656c7744a5158f815.css","1-5aa1809e50477b3ebf57.js","component---src-pages-index-js-99fb2d644849205d1663.js"],"component---src-pages-page-2-js":["0-c79a060125d85904f325.js","1.313656c7744a5158f815.css","1-5aa1809e50477b3ebf57.js","component---src-pages-page-2-js-9387647b22d338001280.js"]}}